{
  "plans": [
    {
      "planId": 1,
      "planName": "Care Life Plan",
      "description": "Instant coverage with no waiting period.",
      "baseAmt": 2500,
      "validity": 15,
      "id": "3d1c"
    },
    {
      "planId": 2,
      "planName": "Good Health Plan",
      "description": "Best selling plan with air ambulance.",
      "baseAmt": 3000,
      "validity": 30,
      "id": "cea1"
    }
  ],
  "bookings": [
    {
      "id": "a495",
      "navigationId": 2,
      "planId": 1,
      "planName": "Care Life Plan",
      "paymentMode": "card",
      "cardNumber": "3456765565656565"
    },
    {
      "id": "0158",
      "navigationId": 2,
      "planId": 1,
      "planName": "Care Life Plan",
      "paymentMode": "card",
      "cardNumber": "3456765565656565"
    }
  ]
}