{
  "hash": "83a8f4b4",
  "configHash": "7f4f6b36",
  "lockfileHash": "6530d771",
  "browserHash": "a7657214",
  "optimized": {
    "@angular/common": {
      "src": "../../../../../../node_modules/@angular/common/fesm2022/common.mjs",
      "file": "@angular_common.js",
      "fileHash": "86f65262",
      "needsInterop": false
    },
    "@angular/common/http": {
      "src": "../../../../../../node_modules/@angular/common/fesm2022/http.mjs",
      "file": "@angular_common_http.js",
      "fileHash": "7f27b444",
      "needsInterop": false
    },
    "@angular/core": {
      "src": "../../../../../../node_modules/@angular/core/fesm2022/core.mjs",
      "file": "@angular_core.js",
      "fileHash": "f0317c68",
      "needsInterop": false
    },
    "@angular/forms": {
      "src": "../../../../../../node_modules/@angular/forms/fesm2022/forms.mjs",
      "file": "@angular_forms.js",
      "fileHash": "22713250",
      "needsInterop": false
    },
    "@angular/platform-browser": {
      "src": "../../../../../../node_modules/@angular/platform-browser/fesm2022/platform-browser.mjs",
      "file": "@angular_platform-browser.js",
      "fileHash": "938595ba",
      "needsInterop": false
    },
    "@angular/router": {
      "src": "../../../../../../node_modules/@angular/router/fesm2022/router.mjs",
      "file": "@angular_router.js",
      "fileHash": "1f58a701",
      "needsInterop": false
    }
  },
  "chunks": {
    "chunk-335GYTB7": {
      "file": "chunk-335GYTB7.js"
    },
    "chunk-Y2IUP6TX": {
      "file": "chunk-Y2IUP6TX.js"
    },
    "chunk-2GM4SXI4": {
      "file": "chunk-2GM4SXI4.js"
    },
    "chunk-N3KE3DRU": {
      "file": "chunk-N3KE3DRU.js"
    },
    "chunk-N6SXN66H": {
      "file": "chunk-N6SXN66H.js"
    }
  }
}